rule_id,source_rule_candidate_id,source_obligation_id,parent_record_id,article_id,paragraph_id,article_title,section_id,section_title,product_scope,channel_scope,rule_family,logic_type,detection_target,sir_link_type,sir_candidate_fields,evidence_source,evaluation_hint,rule_candidate_summary,obligation_summary,source_span_text,compile_status,manual_verified,reviewer_note
law_fincpa_main_2026-01-02:제16조:②:ob01:rule01,law_fincpa_main_2026-01-02:제16조:②:ob01:rule01,law_fincpa_main_2026-01-02:제16조:②:ob01,law_fincpa_main_2026-01-02:제16조:②,제16조,②,금융상품판매업자등의 관리책임,제1절,영업행위 일반원칙,general,internal_control,internal_control,required_presence,record_system,direct_record_field,internal_control_standard,record_archive,Flag when the mapped field is not evidenced where the obligation requires visible or document-backed presence.,"Establish and maintain internal control standards and procedures for executives, employees, and sales agents/brokers to comply with during their duties.","Establish internal control standards and procedures for executives, employees, and sales agents/brokers to comply with during their duties.",법인인 금융상품판매업자등으로서 대통령령으로 정하는 자는 제1항에 따른 관리업무를 이행하기 위하여 그 임직원 및 금융상품판매대리ㆍ중개업자가 직무를 수행할 때 준수하여야 할 기준 및 절차(이하 “내부통제기준”이라 한다)를 대통령령으로 정하는 바에 따라 마련하여 야 한다.,included_in_layer4_mvp_v0_1,no,"This rule requires corporate financial sales agents/brokers to establish internal control standards (내부통제기준) as mandated by Article 16, Paragraph 2."
law_fincpa_main_2026-01-02:제16조의2:①:ob01:rule01,law_fincpa_main_2026-01-02:제16조의2:①:ob01:rule01,law_fincpa_main_2026-01-02:제16조의2:①:ob01,law_fincpa_main_2026-01-02:제16조의2:①,제16조의2,①,방문판매 및 전화권유판매 임직원의 명부 작성 등,제1절,영업행위 일반원칙,general,visit_sales|phone_sales,recordkeeping,required_record,record_system,direct_record_field,staff_registry|activity_record,record_archive,"Flag when the required log, archive entry, or registry record is missing.",Establish and maintain a registry of employees engaged in door-to-door sales and telemarketing as prescribed by the Presidential Decree.,Create and maintain a registry of employees engaged in door-to-door (visit) sales and telemarketing (phone sales) as prescribed by the Presidential Decree.,방문판매 및 전화권유판매를 하려는 임직원의 명부를 대통령령으로 정하는 바에 따라 작성하여야 한다.,included_in_layer4_mvp_v0_1,no,This rule requires financial sales business operators to maintain a structured registry of their door-to-door and telemarketing sales staff. The system must verify the existence and integrity of this registry.
law_fincpa_main_2026-01-02:제16조의2:②:ob01:rule01,law_fincpa_main_2026-01-02:제16조의2:②:ob01:rule01,law_fincpa_main_2026-01-02:제16조의2:②:ob01,law_fincpa_main_2026-01-02:제16조의2:②,제16조의2,②,방문판매 및 전화권유판매 임직원의 명부 작성 등,제1절,영업행위 일반원칙,general,visit_sales|phone_sales,intermediary,required_response,workflow_metadata,direct_workflow_field,representative_identity|staff_registry,workflow_log,Flag when a triggering request or event exists but the required response evidence is missing.,금융소비자의 요청 시 방문판매 및 전화권유판매 임직원의 신원을 즉시 확인할 수 있는 시스템 또는 절차를 제공해야 한다.,금융소비자 요청 시 방문판매 및 전화권유판매 임직원의 신원을 즉시 확인할 수 있도록 조치,금융소비자가 요청하면 언제든지 금융소비자로 하여금 방문판매 및 전화권유판매를 하려는 임직원의 신원을 확인할 수 있도록 하여야 한다.,included_in_layer4_mvp_v0_1,no,"금융소비자의 신원 확인 요청에 즉각 대응할 수 있는 시스템이나 절차(예: 신원확인증 제시, 콜센터 확인 등)를 마련해야 하므로 하부 설계가 필요합니다."
law_fincpa_main_2026-01-02:제16조의2:③:ob01:rule01,law_fincpa_main_2026-01-02:제16조의2:③:ob01:rule01,law_fincpa_main_2026-01-02:제16조의2:③:ob01,law_fincpa_main_2026-01-02:제16조의2:③,제16조의2,③,방문판매 및 전화권유판매 임직원의 명부 작성 등,제1절,영업행위 일반원칙,general,visit_sales|phone_sales|solicitation,solicitation,required_process,workflow_metadata,direct_workflow_field,solicitation_purpose|representative_identity,workflow_log,Flag when the required workflow step or control checkpoint cannot be evidenced in process metadata.,Ensure that the purpose of solicitation is disclosed to the financial consumer in advance of any door-to-door visit or phone call.,Disclose the purpose of the visit or phone call to the financial consumer in advance.,금융소비자에게 미리 해당 방문 또는 전화가 판매를 권유하기 위한 것이라는 점,included_in_layer4_mvp_v0_1,no,This rule requires system-level verification (such as call script logs or digital consent workflows) confirming that the representative disclosed the solicitation purpose before initiating the main sales pitch.
law_fincpa_main_2026-01-02:제16조의2:③:ob02:rule01,law_fincpa_main_2026-01-02:제16조의2:③:ob02:rule01,law_fincpa_main_2026-01-02:제16조의2:③:ob02,law_fincpa_main_2026-01-02:제16조의2:③,제16조의2,③,방문판매 및 전화권유판매 임직원의 명부 작성 등,제1절,영업행위 일반원칙,general,visit_sales|phone_sales|solicitation,solicitation,required_presence,content_text,direct_content_field,representative_identity|product_identity|product_core_terms,visible_content,Flag when the mapped field is not evidenced where the obligation requires visible or document-backed presence.,Ensure that the representative's name/identity and the type and details of the financial product being sold are disclosed to the consumer prior to door-to-door or telemarketing sales activities.,Disclose the representative's name/identity and the type and details of the financial product being sold.,"방문판매 및 전화권유판매를 하려는 임직원의 성명 또는 명칭, 판매하는 금융상품의 종류 및 내용을 밝혀야 한다",included_in_layer4_mvp_v0_1,no,"This rule maps directly to the mandatory disclosure of representative identity and product details during door-to-door or telemarketing sales, which can be verified via standard disclosure scripts or digital interfaces."
law_fincpa_main_2026-01-02:제17조:①:ob01:rule01,law_fincpa_main_2026-01-02:제17조:①:ob01:rule01,law_fincpa_main_2026-01-02:제17조:①:ob01,law_fincpa_main_2026-01-02:제17조:①,제17조,①,적합성원칙,제2절,금융상품 유형별 영업행위 준수사항,general,contracting|advisory,suitability,required_process,workflow_metadata,direct_workflow_field,consumer_type|consumer_profile,workflow_log,Flag when the required workflow step or control checkpoint cannot be evidenced in process metadata.,Verify and record whether the financial consumer is classified as a general consumer or a professional consumer prior to contract execution or advisory service delivery.,Verify whether the financial consumer is a general or professional consumer when entering into a contract or providing advisory services.,금융상품계약체결등을 하거나 자문업무를 하는 경우에는 상대방인 금융소비자가 일반금융소비자인지 전문금융소비자인지를 확인하여야 한다,included_in_layer4_mvp_v0_1,no,This classification is a prerequisite for applying suitability and adequacy rules. The system must log the verification event and the resulting consumer type classification.
law_fincpa_main_2026-01-02:제17조:②:ob01:rule01,law_fincpa_main_2026-01-02:제17조:②:ob01:rule01,law_fincpa_main_2026-01-02:제17조:②:ob01,law_fincpa_main_2026-01-02:제17조:②,제17조,②,적합성원칙,제2절,금융상품 유형별 영업행위 준수사항,multiple,solicitation|advisory,suitability,required_process,consumer_profile,direct_workflow_field,consumer_profile|suitability_check,consumer_profile_form,Flag when the required workflow step or control checkpoint cannot be evidenced in process metadata.,"When soliciting a general financial consumer, the seller must gather and identify consumer profile information tailored to the specific financial product type (protection, investment, loan, etc.) through interviews or questionnaires.","일반금융소비자에게 권유 시 면담·질문 등을 통해 금융상품 유형별(보장성, 투자성, 대출성 등) 소비자 정보를 파악해야 한다.",면담ㆍ질문 등을 통하여 다음 각 호의 구분에 따른 정보를 파악하고,included_in_layer4_mvp_v0_1,no,This rule establishes the mandatory process of gathering consumer profile information tailored to the product type before any suitability assessment can proceed.
law_fincpa_main_2026-01-02:제17조:②:ob02:rule01,law_fincpa_main_2026-01-02:제17조:②:ob02:rule01,law_fincpa_main_2026-01-02:제17조:②:ob02,law_fincpa_main_2026-01-02:제17조:②,제17조,②,적합성원칙,제2절,금융상품 유형별 영업행위 준수사항,multiple,solicitation|advisory,suitability,required_record,record_system,direct_record_field,consumer_profile|suitability_check|activity_record|record_integrity_control,record_archive,"Flag when the required log, archive entry, or registry record is missing.","Ensure that the consumer's profile information obtained for suitability assessment is confirmed by the consumer via signature, digital signature, recorded voice, or other prescribed methods, and that this confirmation record is maintained and managed.","파악한 소비자 정보에 대해 서명, 기명날인, 녹취 등의 방법으로 확인을 받아 이를 유지·관리해야 한다.","일반금융소비자로부터 서명(「전자서명법」 제2조제2호에 따른 전자서명을 포함한다. 이하 같다), 기명날인, 녹취 또는 그 밖에 대통령령으로 정하는 방법으로 확인을 받아 이를 유지ㆍ관리하여야 하며",included_in_layer4_mvp_v0_1,no,"This rule maps directly to the requirement of obtaining and maintaining consumer confirmation (signature, recording, etc.) on the gathered consumer profile under Article 17, Paragraph 2."
law_fincpa_main_2026-01-02:제17조:②:ob03:rule01,law_fincpa_main_2026-01-02:제17조:②:ob03:rule01,law_fincpa_main_2026-01-02:제17조:②:ob03,law_fincpa_main_2026-01-02:제17조:②,제17조,②,적합성원칙,제2절,금융상품 유형별 영업행위 준수사항,multiple,solicitation|advisory,suitability,required_process,workflow_metadata,direct_workflow_field,consumer_profile|suitability_check,workflow_log,Flag when the required workflow step or control checkpoint cannot be evidenced in process metadata.,Verify that the confirmed consumer profile information is provided to the general financial consumer without delay after the suitability assessment.,확인받은 소비자 정보 내용을 일반금융소비자에게 지체 없이 제공해야 한다.,확인받은 내용을 일반금융소비자에게 지체 없이 제공하여야 한다.,included_in_layer4_mvp_v0_1,no,"This rule ensures compliance with the immediate delivery requirement of the confirmed suitability profile to the consumer, which can be verified via system logs showing the timestamp of confirmation versus the timestamp of delivery."
law_fincpa_main_2026-01-02:제17조:③:ob01:rule01,law_fincpa_main_2026-01-02:제17조:③:ob01:rule01,law_fincpa_main_2026-01-02:제17조:③:ob01,law_fincpa_main_2026-01-02:제17조:③,제17조,③,적합성원칙,제2절,금융상품 유형별 영업행위 준수사항,general,solicitation,suitability,prohibited_presence,workflow_metadata,derived_decision_field,consumer_profile|suitability_check,workflow_log,Flag when the mapped signal or misleading condition is evidenced in visible content or workflow evidence.,Ensure that no financial product is recommended or solicited to a general financial consumer if the product is assessed as unsuitable based on the consumer's profile.,Prohibit recommending contracts deemed unsuitable for general financial consumers based on their assessed profile.,금융상품판매업자등은 제2항 각 호의 구분에 따른 정보를 고려하여 그 일반금융소비자에 게 적합하지 아니하다고 인정되는 계약 체결을 권유해서는 아니 된다.,included_in_layer4_mvp_v0_1,no,This rule directly enforces the core suitability prohibition by comparing the consumer's suitability assessment result with the recommended product's risk rating in the workflow log.
law_fincpa_main_2026-01-02:제17조:⑤:ob01:rule01,law_fincpa_main_2026-01-02:제17조:⑤:ob01:rule01,law_fincpa_main_2026-01-02:제17조:⑤:ob01,law_fincpa_main_2026-01-02:제17조:⑤,제17조,⑤,적합성원칙,제2절,금융상품 유형별 영업행위 준수사항,investment,solicitation|contracting,suitability,required_process,workflow_metadata,derived_decision_field,consumer_type|suitability_check,workflow_log,Flag when the required workflow step or control checkpoint cannot be evidenced in process metadata.,Exempt suitability assessment requirements (paragraphs 1 through 3) when selling private equity funds to professional-type private collective investment schemes.,Exempt suitability principle requirements when selling private equity funds to professional-type private collective investment schemes.,금융상품판매업자등이 「자본시장과 금융투자업에 관한 법률」 제249조의2에 따른 전문투자형 사모집합투자기구의 집합투자증권을 판매하는 경우에는 제1항부터 제3항까지의 규정을 적용하지 아니한다.,included_in_layer4_mvp_v0_1,no,This rule establishes a conditional exemption from suitability assessment workflows based on the specific product type (professional-type private collective investment scheme) and consumer profile.
law_fincpa_main_2026-01-02:제17조:⑤:ob02:rule01,law_fincpa_main_2026-01-02:제17조:⑤:ob02:rule01,law_fincpa_main_2026-01-02:제17조:⑤:ob02,law_fincpa_main_2026-01-02:제17조:⑤,제17조,⑤,적합성원칙,제2절,금융상품 유형별 영업행위 준수사항,investment,solicitation|contracting,suitability,required_process,workflow_metadata,direct_workflow_field,consumer_type|suitability_check,workflow_log,Flag when the required workflow step or control checkpoint cannot be evidenced in process metadata.,"If a qualified investor who is a general financial consumer requests the application of the suitability principle, the system must process the request and apply the suitability assessment workflow.",Apply suitability principle requirements if a general financial consumer among qualified investors requests it under Presidential Decree.,"다만, 같은 법 제249조의2에 따른 적격투자자 중 일반금융소비자등 대통령령으로 정하는 자가 대통령령으로 정하는 바에 따라 요청하는 경우에는 그러하지 아니하다.",included_in_layer4_mvp_v0_1,no,This rule governs the workflow exception where a qualified investor requests to opt back into the suitability assessment framework. The system must log the request and trigger the suitability check.
law_fincpa_main_2026-01-02:제18조:①:ob01:rule01,law_fincpa_main_2026-01-02:제18조:①:ob01:rule01,law_fincpa_main_2026-01-02:제18조:①:ob01,law_fincpa_main_2026-01-02:제18조:①,제18조,①,적정성원칙,제2절,금융상품 유형별 영업행위 준수사항,insurance,contracting,adequacy,required_process,workflow_metadata,direct_workflow_field,consumer_profile|adequacy_check,consumer_profile_form,Flag when the required workflow step or control checkpoint cannot be evidenced in process metadata.,Verify that consumer profile information for insurance (보장성) products is gathered through interviews or questionnaires before concluding a contract without prior solicitation.,Gather consumer profile information for insurance (보장성) products through interviews or questionnaires before contracting without solicitation.,보장성 상품: 제17조제2항제1호 각 목의 정보,included_in_layer4_mvp_v0_1,no,This rule enforces the adequacy principle (적정성원칙) specifically for insurance products when a general consumer initiates a contract without solicitation.
law_fincpa_main_2026-01-02:제18조:①:ob02:rule01,law_fincpa_main_2026-01-02:제18조:①:ob02:rule01,law_fincpa_main_2026-01-02:제18조:①:ob02,law_fincpa_main_2026-01-02:제18조:①,제18조,①,적정성원칙,제2절,금융상품 유형별 영업행위 준수사항,investment,contracting,adequacy,required_process,workflow_metadata,direct_workflow_field,consumer_profile|adequacy_check,consumer_profile_form,Flag when the required workflow step or control checkpoint cannot be evidenced in process metadata.,Verify that consumer profile information for investment products is gathered via interview or questionnaire before concluding a contract without prior solicitation.,Gather consumer profile information for investment (투자성) products through interviews or questionnaires before contracting without solicitation.,투자성 상품: 제17조제2항제2호 각 목의 정보,included_in_layer4_mvp_v0_1,no,"This rule enforces the adequacy principle (적정성원칙) for investment products under Article 18, Paragraph 1, requiring active profile gathering even in non-solicited transactions."
law_fincpa_main_2026-01-02:제18조:①:ob03:rule01,law_fincpa_main_2026-01-02:제18조:①:ob03:rule01,law_fincpa_main_2026-01-02:제18조:①:ob03,law_fincpa_main_2026-01-02:제18조:①,제18조,①,적정성원칙,제2절,금융상품 유형별 영업행위 준수사항,loan,contracting,adequacy,required_process,consumer_profile,direct_workflow_field,consumer_profile|adequacy_check,consumer_profile_form,Flag when the required workflow step or control checkpoint cannot be evidenced in process metadata.,"Before concluding a loan contract without prior solicitation, the financial sales agent must gather the consumer's profile information (including property status, debt status, and net worth) through interviews or questionnaires.",Gather consumer profile information for loan (대출성) products through interviews or questionnaires before contracting without solicitation.,대출성 상품: 제17조제2항제3호 각 목의 정보,included_in_layer4_mvp_v0_1,no,"This rule implements the adequacy principle specifically for loan products (대출성 상품) under Article 18 Paragraph 1, requiring the collection of consumer profile data prior to contract execution when no solicitation occurred."
law_fincpa_main_2026-01-02:제18조:②:ob01:rule01,law_fincpa_main_2026-01-02:제18조:②:ob01:rule01,law_fincpa_main_2026-01-02:제18조:②:ob01,law_fincpa_main_2026-01-02:제18조:②,제18조,②,적정성원칙,제2절,금융상품 유형별 영업행위 준수사항,multiple,solicitation|contracting,adequacy,required_process,workflow_metadata,derived_decision_field,adequacy_check,workflow_log,Flag when the required workflow step or control checkpoint cannot be evidenced in process metadata.,"Ensure that if a financial product is determined to be unsuitable for a general financial consumer based on the adequacy assessment, a notification of unsuitability is generated and delivered to the consumer.",Notify the general financial consumer if a product is determined to be unsuitable based on the adequacy assessment.,해당 금융상품 이 그 일반금융소비자에게 적정하지 아니하다고 판단되는 경우에는 대통령령으로 정하는 바 에 따라 그 사실을 알리고,included_in_layer4_mvp_v0_1,no,This rule requires a system check to verify that an unsuitability notification was triggered and sent to the consumer whenever the adequacy assessment result is 'unsuitable'.
law_fincpa_main_2026-01-02:제18조:②:ob02:rule01,law_fincpa_main_2026-01-02:제18조:②:ob02:rule01,law_fincpa_main_2026-01-02:제18조:②:ob02,law_fincpa_main_2026-01-02:제18조:②,제18조,②,적정성원칙,제2절,금융상품 유형별 영업행위 준수사항,multiple,solicitation|contracting,adequacy,required_record,record_system,direct_record_field,adequacy_check|explanation_confirmation|activity_record,record_archive,"Flag when the required log, archive entry, or registry record is missing.","Verify that the system captures and stores the general financial consumer's confirmation (via signature, seal, audio recording, or other prescribed methods) immediately after they are notified of product unsuitability.","Obtain confirmation from the general financial consumer via signature, seal, audio recording, or other prescribed methods after notifying them of unsuitability.","그 일반금융소비자로부터 서명, 기명날인, 녹취, 그 밖에 대통령령 으로 정하는 방법으로 확인을 받아야 한다",included_in_layer4_mvp_v0_1,no,"This rule ensures that the system maintains a verifiable audit trail of the consumer's explicit acknowledgment of the unsuitability warning, matching the methods specified in the Enforcement Decree."
law_fincpa_main_2026-01-02:제18조:④:ob01:rule01,law_fincpa_main_2026-01-02:제18조:④:ob01:rule01,law_fincpa_main_2026-01-02:제18조:④:ob01,law_fincpa_main_2026-01-02:제18조:④,제18조,④,적정성원칙,제2절,금융상품 유형별 영업행위 준수사항,investment,solicitation|contracting,adequacy,required_process,workflow_metadata,derived_decision_field,product_identity|adequacy_check,workflow_log,Flag when the required workflow step or control checkpoint cannot be evidenced in process metadata.,Exempt the application of the adequacy principle (Paragraphs 1 and 2) when selling private equity investment securities under the Capital Markets Act.,Exempt the application of the adequacy principle (Paragraphs 1 and 2) when selling private equity investment securities under the Capital Markets Act.,금융상품판매업자가 「자본시장과 금융투자업에 관한 법률」 제249조의2에 따른 전문투자 형 사모집합투자기구의 집합투자증권을 판매하는 경우에는 제1항과 제2항을 적용하지 아니 한다.,included_in_layer4_mvp_v0_1,no,This rule establishes a conditional exemption from the adequacy assessment workflow when the product identity is verified as a private equity investment security under the Capital Markets Act.
law_fincpa_main_2026-01-02:제18조:④:ob02:rule01,law_fincpa_main_2026-01-02:제18조:④:ob02:rule01,law_fincpa_main_2026-01-02:제18조:④:ob02,law_fincpa_main_2026-01-02:제18조:④,제18조,④,적정성원칙,제2절,금융상품 유형별 영업행위 준수사항,investment,solicitation|contracting,adequacy,required_process,workflow_metadata,direct_workflow_field,consumer_type|adequacy_check,workflow_log,Flag when the required workflow step or control checkpoint cannot be evidenced in process metadata.,Establish a workflow to process and apply adequacy assessment procedures to private equity sales when an eligible general financial consumer requests such assessment.,Apply the adequacy principle to private equity sales if requested by eligible general financial consumers as prescribed by Presidential Decree.,"다만, 같은 법 제249조의2에 따른 적격투자자 중 일반금융소비자 등 대통령령으로 정 하는 자가 대통령령으로 정하는 바에 따라 요청하는 경우에는 그러하지 아니하다.",included_in_layer4_mvp_v0_1,no,"This rule governs the operational workflow for handling consumer requests to opt-in to adequacy assessments for private equity products, overriding default exemptions."
law_fincpa_main_2026-01-02:제18조:⑤:ob01:rule01,law_fincpa_main_2026-01-02:제18조:⑤:ob01:rule01,law_fincpa_main_2026-01-02:제18조:⑤:ob01,law_fincpa_main_2026-01-02:제18조:⑤,제18조,⑤,적정성원칙,제2절,금융상품 유형별 영업행위 준수사항,general,solicitation|contracting,adequacy,required_process,workflow_metadata,direct_workflow_field,consumer_type|suitability_check|adequacy_check,workflow_log,Flag when the required workflow step or control checkpoint cannot be evidenced in process metadata.,Ensure eligible consumers defined by Presidential Decree are notified in advance of their right to request the application of suitability and adequacy principles.,Notify eligible consumers in advance that they can request the application of suitability and adequacy principles.,금융상품판매업자는 같은 항 단서에 따라 대통령령으로 정하는 자에게 제 1항과 제2항의 적용을 별도로 요청할 수 있음을 대통령령으로 정하는 바에 따라 미리 알려야 한다.,included_in_layer4_mvp_v0_1,no,This rule requires verifying that a pre-sale notification workflow was triggered and completed for eligible consumers before proceeding with the transaction.
law_fincpa_main_2026-01-02:제19조:①:ob01:rule01,law_fincpa_main_2026-01-02:제19조:①:ob01:rule01,law_fincpa_main_2026-01-02:제19조:①:ob01,law_fincpa_main_2026-01-02:제19조:①,제19조,①,설명의무,제2절,금융상품 유형별 영업행위 준수사항,insurance,solicitation|contracting,explanation,required_presence,content_text,direct_content_field,explanation_material|explanation_confirmation|insurance_warning,explanation_form,Flag when the mapped field is not evidenced where the obligation requires visible or document-backed presence.,"보장성 상품 권유 또는 설명 요청 시 보험료, 지급제한 사유, 위험보장 범위 등 중요 사항을 일반금융소비자에게 설명하고 확인을 받아야 한다.","보장성 상품 권유 또는 설명 요청 시 보험료, 지급제한 사유, 위험보장 범위 등 중요 사항을 일반금융소비자에게 설명해야 함",가. 보장성 상품 1) 보장성 상품의 내용 2) 보험료... 3) 보험금... 지급제한 사유 및 지급절차 4) 위험보장의 범위 5) 그 밖에 위험보장 기간 등 보장성 상품에 관한 중요한 사항으로서 대통령령으로 정하는 사항,included_in_layer4_mvp_v0_1,no,"보장성 상품(보험 등)의 핵심 설명 항목인 보험료, 지급제한 사유, 위험보장 범위가 설명서 및 고객 확인서에 포함되어 있는지 검증하는 규칙입니다."
law_fincpa_main_2026-01-02:제19조:①:ob02:rule01,law_fincpa_main_2026-01-02:제19조:①:ob02:rule01,law_fincpa_main_2026-01-02:제19조:①:ob02,law_fincpa_main_2026-01-02:제19조:①,제19조,①,설명의무,제2절,금융상품 유형별 영업행위 준수사항,investment,solicitation|contracting,explanation,required_presence,content_text,direct_content_field,explanation_material|investment_warning|explanation_confirmation,explanation_form,Flag when the mapped field is not evidenced where the obligation requires visible or document-backed presence.,"투자성 상품 권유 또는 설명 요청 시 상품 내용, 투자 위험, 위험등급, 수수료 등 중요 사항을 일반금융소비자에게 설명하고 확인을 받아야 한다.","투자성 상품 권유 또는 설명 요청 시 상품 내용, 투자 위험, 위험등급, 수수료 등 중요 사항을 일반금융소비자에게 설명해야 함",나. 투자성 상품 1) 투자성 상품의 내용 2) 투자에 따른 위험 3) ...위험등급 4) 그 밖에 금융소비자가 부담해야 하는 수수료 등 투자성 상품에 관한 중요한 사항으로서 대통령령으로 정하는 사항,included_in_layer4_mvp_v0_1,no,"투자성 상품의 핵심 설명 항목인 투자위험, 위험등급, 수수료 등이 설명서 및 고객 확인서에 누락 없이 포함되어 있는지 검증하는 규칙입니다."
law_fincpa_main_2026-01-02:제19조:①:ob03:rule01,law_fincpa_main_2026-01-02:제19조:①:ob03:rule01,law_fincpa_main_2026-01-02:제19조:①:ob03,law_fincpa_main_2026-01-02:제19조:①,제19조,①,설명의무,제2절,금융상품 유형별 영업행위 준수사항,deposit,solicitation|contracting,explanation,required_presence,content_text,direct_content_field,explanation_material|product_core_terms|loan_rate_basis,explanation_form,Flag when the mapped field is not evidenced where the obligation requires visible or document-backed presence.,"예금성 상품 권유 또는 설명 요청 시 상품 내용, 이자율, 수익률 등 중요 사항을 일반금융소비자에게 설명하고 확인을 받아야 한다.","예금성 상품 권유 또는 설명 요청 시 상품 내용, 이자율, 수익률 등 중요 사항을 일반금융소비자에게 설명해야 함","다. 예금성 상품 1) 예금성 상품의 내용 2) 그 밖에 이자율, 수익률 등 예금성 상품에 관한 중요한 사항으로서 대통령령으로 정하는 사항",included_in_layer4_mvp_v0_1,no,"예금성 상품의 핵심 설명 항목인 상품 내용, 이자율, 수익률 등이 설명서 및 고객 확인서에 포함되어 있는지 검증하는 규칙입니다."
law_fincpa_main_2026-01-02:제19조:①:ob04:rule01,law_fincpa_main_2026-01-02:제19조:①:ob04:rule01,law_fincpa_main_2026-01-02:제19조:①:ob04,law_fincpa_main_2026-01-02:제19조:①,제19조,①,설명의무,제2절,금융상품 유형별 영업행위 준수사항,loan,solicitation|contracting,explanation,required_presence,content_text,direct_content_field,explanation_material|loan_conditions|loan_rate_basis|loan_interest_timing|loan_costs,explanation_form,Flag when the mapped field is not evidenced where the obligation requires visible or document-backed presence.,"Verify that the explanation material for loan products contains interest rate variability, early repayment fees, collateral/mortgage terms, and the total amount to be paid by the consumer.","대출성 상품 권유 또는 설명 요청 시 금리 변동 여부, 중도상환수수료, 담보권 설정, 총 부담 금액 등 중요 사항을 일반금융소비자에게 설명해야 함","라. 대출성 상품 1) 금리 및 변동 여부, 중도상환수수료... 2) 상환방법에 따른 상환금액ㆍ이자율ㆍ시기 3) 저당권 등 담보권 설정에 관한 사항... 4) 대출원리금, 수수료 등 금융소비자가 대출계약을 체결하는 경우 부담하여야 하는 금액의 총액 5) 그 밖에 대출계약의 해지에 관한 사항 등 대출성 상품에 관한 중요한 사항으로서 대통령령으로 정하는 사항",included_in_layer4_mvp_v0_1,no,"This rule maps the specific statutory disclosure items for loan products (interest rate variability, early repayment fees, collateral, and total cost) directly to the explanation material content requirements."
law_fincpa_main_2026-01-02:제19조:①:ob05:rule01,law_fincpa_main_2026-01-02:제19조:①:ob05:rule01,law_fincpa_main_2026-01-02:제19조:①:ob05,law_fincpa_main_2026-01-02:제19조:①,제19조,①,설명의무,제2절,금융상품 유형별 영업행위 준수사항,multiple,solicitation|contracting,explanation,required_presence,content_text,direct_content_field,explanation_material|product_core_terms,explanation_form,Flag when the mapped field is not evidenced where the obligation requires visible or document-backed presence.,"금융상품과 연계되거나 제휴된 서비스가 있는 경우, 해당 연계·제휴 서비스의 구체적 내용, 이행책임 주체 및 제공기간 등 중요 사항을 설명 자료에 포함하고 소비자에게 명확히 설명해야 한다.","금융상품과 연계되거나 제휴된 서비스가 있는 경우 연계·제휴 서비스의 내용, 이행책임, 제공기간 등을 설명해야 함",2. 제1호 각 목의 금융상품과 연계되거나 제휴된 금융상품 또는 서비스 등... 가. 연계ㆍ제휴서비스등의 내용 나. 연계ㆍ제휴서비스등의 이행책임에 관한 사항 다. 그 밖에 연계ㆍ제휴서비스등의 제공기간 등 연계ㆍ제휴서비스등에 관한 중요한 사항으로서 대통령령으로 정하는 사항,included_in_layer4_mvp_v0_1,no,"연계·제휴 서비스의 내용, 이행책임, 제공기간은 금융소비자보호법 제19조 제1항 제2호에 따른 필수 설명 사항이므로 설명서 및 설명 확인 프로세스 내에 해당 항목들이 누락 없이 반영되어 있는지 검증해야 합니다."
law_fincpa_main_2026-01-02:제19조:①:ob06:rule01,law_fincpa_main_2026-01-02:제19조:①:ob06:rule01,law_fincpa_main_2026-01-02:제19조:①:ob06,law_fincpa_main_2026-01-02:제19조:①,제19조,①,설명의무,제2절,금융상품 유형별 영업행위 준수사항,multiple,solicitation|contracting,explanation,required_presence,content_text,direct_content_field,explanation_material|explanation_confirmation,explanation_form,Flag when the mapped field is not evidenced where the obligation requires visible or document-backed presence.,"When soliciting a financial product or upon a consumer's request for explanation, the seller must explain the deadline, method of exercise, and legal effects of subscription withdrawal.","금융상품 계약 체결 권유 또는 설명 요청 시 청약 철회의 기한, 행사방법, 효과에 관한 사항을 설명해야 함",3. 제46조에 따른 청약 철회의 기한ㆍ행사방법ㆍ효과에 관한 사항,included_in_layer4_mvp_v0_1,no,This rule directly maps to the mandatory explanation content regarding subscription withdrawal (Article 46) under the Financial Consumer Protection Act.
law_fincpa_main_2026-01-02:제19조:②:ob01:rule01,law_fincpa_main_2026-01-02:제19조:②:ob01:rule01,law_fincpa_main_2026-01-02:제19조:②:ob01,law_fincpa_main_2026-01-02:제19조:②,제19조,②,설명의무,제2절,금융상품 유형별 영업행위 준수사항,general,solicitation|contracting,explanation,required_presence,document_bundle,direct_workflow_field,explanation_material|explanation_confirmation,explanation_form,Flag when the mapped field is not evidenced where the obligation requires visible or document-backed presence.,"Ensure that product explanation documents are provided to general financial consumers during solicitation or contracting, unless an exemption under the Presidential Decree applies.","Provide product explanation documents to general financial consumers, except where exempted by Presidential Decree.","금융상품판매업자등은 제1항에 따른 설명에 필요한 설명서를 일반금융소비자에게 제공 하여야 하며, ... 다만, 금융소비자 보호 및 건전한 거래질서를 해칠 우려가 없는 경우로서 대통령령으로 정하는 경우에는 설명서를 제공하지 아니할 수 있다.",included_in_layer4_mvp_v0_1,no,"This rule directly maps to the operational requirement of delivering explanation documents to general consumers. The system must verify that the explanation document was successfully delivered and confirmed by the consumer, except where a valid exemption flag is recorded."
law_fincpa_main_2026-01-02:제19조:②:ob02:rule01,law_fincpa_main_2026-01-02:제19조:②:ob02:rule01,law_fincpa_main_2026-01-02:제19조:②:ob02,law_fincpa_main_2026-01-02:제19조:②,제19조,②,설명의무,제2절,금융상품 유형별 영업행위 준수사항,general,solicitation|contracting,explanation,required_process,workflow_metadata,direct_workflow_field,explanation_confirmation,explanation_form,Flag when the required workflow step or control checkpoint cannot be evidenced in process metadata.,"Ensure the system captures and records the general financial consumer's confirmation of understanding via signature, seal, recording, or other legally prescribed methods during the explanation process.","Obtain confirmation of understanding from the general financial consumer via signature, seal, recording, or other prescribed methods.","설명한 내용을 일반금융소비자가 이해하였음을 서명, 기명날인, 녹취 또는 그 밖에 대통령령으로 정하는 방법으로 확인을 받아야 한다.",included_in_layer4_mvp_v0_1,no,"This rule directly maps to the workflow requirement of capturing the consumer's confirmation of understanding. The system must verify that an approved confirmation method (signature, seal, recording, etc.) is executed and logged before proceeding to contract conclusion."
law_fincpa_main_2026-01-02:제19조:③:ob01:rule01,law_fincpa_main_2026-01-02:제19조:③:ob01:rule01,law_fincpa_main_2026-01-02:제19조:③:ob01,law_fincpa_main_2026-01-02:제19조:③,제19조,③,설명의무,제2절,금융상품 유형별 영업행위 준수사항,general,solicitation|contracting,explanation,prohibited_presence,content_text,direct_content_field,explanation_material|prohibited_claim_signal,explanation_form,Flag when the mapped signal or misleading condition is evidenced in visible content or workflow evidence.,"Prohibit the inclusion of false or distorted explanations, including conclusive judgments on uncertain matters, regarding material product terms or factors affecting consumer judgment.",Prohibition of false or distorted explanations regarding material matters affecting consumer judgment or product value,일반금융소비자의 합리적인 판단 또는 금융상품의 가치에 중대한 영향을 미칠 수 있는 사항으로서 대통령령으로 정하는 사항을 거짓으로 또는 왜곡(...)하여 설명하거나,included_in_layer4_mvp_v0_1,no,"This rule targets the content of explanation materials and scripts to ensure no false claims, distorted facts, or misleadingly certain statements on uncertain outcomes are presented to consumers."
law_fincpa_main_2026-01-02:제20조:①:ob01:rule01,law_fincpa_main_2026-01-02:제20조:①:ob01:rule01,law_fincpa_main_2026-01-02:제20조:①:ob01,law_fincpa_main_2026-01-02:제20조:①,제20조,①,불공정영업행위의 금지,제2절,금융상품 유형별 영업행위 준수사항,multiple,contracting,unfair_sales,prohibited_presence,workflow_metadata,direct_workflow_field,fairness_guardrail|prohibited_claim_signal,workflow_log,Flag when the mapped signal or misleading condition is evidenced in visible content or workflow evidence.,대출성 상품 등 계약 체결 시 금융소비자의 의사에 반하여 다른 금융상품의 계약 체결을 강요하는 행위(꺾기)를 금지한다.,대출성 상품 등 계약 체결 시 금융소비자의 의사에 반하여 다른 금융상품 계약 체결을 강요하는 행위 금지,"대출성 상품, 그 밖에 대통령령으로 정하는 금융상품에 관한 계약체결과 관련하여 금융소비자의 의사에 반하여 다른 금융상품의 계약체결을 강요하는 행위",included_in_layer4_mvp_v0_1,no,"대출성 상품 가입 전후 일정 기간 내에 타 금융상품(예적금, 보험 등)을 구속성으로 가입시키는 행위를 방지하기 위해 가입 타임라인 및 연계 가입 여부를 통제하는 시스템 룰이 필요합니다."
law_fincpa_main_2026-01-02:제20조:①:ob02:rule01,law_fincpa_main_2026-01-02:제20조:①:ob02:rule01,law_fincpa_main_2026-01-02:제20조:①:ob02,law_fincpa_main_2026-01-02:제20조:①,제20조,①,불공정영업행위의 금지,제2절,금융상품 유형별 영업행위 준수사항,multiple,contracting,unfair_sales,prohibited_presence,workflow_metadata,derived_decision_field,loan_conditions|fairness_guardrail,workflow_log,Flag when the mapped signal or misleading condition is evidenced in visible content or workflow evidence.,대출성 상품 계약 체결 시 차주의 신용도 등 합리적 근거 없이 부당하게 담보 또는 보증을 요구하는 행위를 금지한다.,대출성 상품 등 계약 체결 시 부당하게 담보나 보증을 요구하는 행위 금지,"대출성 상품, 그 밖에 대통령령으로 정하는 금융상품에 관한 계약체결과 관련하여 부당하게 담보를 요구하거나 보증을 요구하는 행위",included_in_layer4_mvp_v0_1,no,대출 심사 및 승인 프로세스 상에서 차주의 신용 등급 대비 과도하거나 불합리한 담보/보증 요구가 있었는지 여부를 검증하기 위해 대출 조건 설정 로그 및 공정성 가드레일 필드와 연계가 필요합니다.
law_fincpa_main_2026-01-02:제20조:①:ob03:rule01,law_fincpa_main_2026-01-02:제20조:①:ob03:rule01,law_fincpa_main_2026-01-02:제20조:①:ob03,law_fincpa_main_2026-01-02:제20조:①,제20조,①,불공정영업행위의 금지,제2절,금융상품 유형별 영업행위 준수사항,general,all_customer_facing,unfair_sales,prohibited_presence,workflow_metadata,direct_workflow_field,fairness_guardrail|internal_control_standard,workflow_log,Flag when the mapped signal or misleading condition is evidenced in visible content or workflow evidence.,금융상품판매업자등 및 그 임직원이 업무와 관련하여 부당한 편익을 요구하거나 제공받는 행위를 금지하고 이를 내부통제 기준으로 통제해야 한다.,금융상품판매업자등 또는 임직원이 업무와 관련하여 편익을 요구하거나 제공받는 행위 금지,금융상품판매업자등 또는 그 임직원이 업무와 관련하여 편익을 요구하거나 제공받는 행위,included_in_layer4_mvp_v0_1,no,"임직원의 사적 편익 수취 및 요구 금지는 불공정영업행위의 핵심 유형으로, 내부통제 기준 및 임직원 행동강령에 반영되어 시스템적으로 모니터링되어야 합니다."
law_fincpa_main_2026-01-02:제20조:①:ob04:rule01,law_fincpa_main_2026-01-02:제20조:①:ob04:rule01,law_fincpa_main_2026-01-02:제20조:①:ob04,law_fincpa_main_2026-01-02:제20조:①,제20조,①,불공정영업행위의 금지,제2절,금융상품 유형별 영업행위 준수사항,loan,contracting,unfair_sales,prohibited_presence,workflow_metadata,direct_workflow_field,loan_conditions|fairness_guardrail,workflow_log,Flag when the mapped signal or misleading condition is evidenced in visible content or workflow evidence.,"대출성 상품 판매 시 금융소비자에게 특정 대출 상환방식을 강요하는 행위를 금지하고, 소비자가 상환방식을 자유롭게 선택할 수 있도록 보장해야 한다.",자기 또는 제3자의 이익을 위해 특정 대출 상환방식을 강요하는 행위 금지,자기 또는 제3자의 이익을 위하여 금융소비자에게 특정 대출 상환방식을 강요하는 행위,included_in_layer4_mvp_v0_1,no,대출 계약 체결 과정에서 소비자의 상환방식 선택권이 제한되거나 특정 방식이 강제되었는지 여부를 시스템 로그 및 계약 조건 선택 이력을 통해 검증합니다.
law_fincpa_main_2026-01-02:제20조:①:ob05:rule01,law_fincpa_main_2026-01-02:제20조:①:ob05:rule01,law_fincpa_main_2026-01-02:제20조:①:ob05,law_fincpa_main_2026-01-02:제20조:①,제20조,①,불공정영업행위의 금지,제2절,금융상품 유형별 영업행위 준수사항,loan,contracting,unfair_sales,prohibited_presence,workflow_metadata,direct_workflow_field,loan_conditions|loan_costs,workflow_log,Flag when the mapped signal or misleading condition is evidenced in visible content or workflow evidence.,대출 계약일로부터 3년 초과 시 또는 법령상 예외 사유에 해당하지 않는 한 중도상환수수료 부과를 금지하고 시스템적으로 통제한다.,예외 사유에 해당하지 않는 한 중도상환수수료를 부과하는 행위 금지,"1)부터 3)까지의 경우를 제외하고 수수료, 위약금 또는 그 밖에 어떤 명목이든 중도상환수수료를 부과하는 행위",included_in_layer4_mvp_v0_1,no,대출 계약일로부터 3년 경과 여부 및 예외 사유 해당 여부를 검증하여 부당한 중도상환수수료 부과를 원천 차단하는 시스템 룰 설계가 필요합니다.
law_fincpa_main_2026-01-02:제20조:①:ob06:rule01,law_fincpa_main_2026-01-02:제20조:①:ob06:rule01,law_fincpa_main_2026-01-02:제20조:①:ob06,law_fincpa_main_2026-01-02:제20조:①,제20조,①,불공정영업행위의 금지,제2절,금융상품 유형별 영업행위 준수사항,loan,contracting,unfair_sales,prohibited_presence,document_bundle,direct_content_field,loan_conditions|prohibited_claim_signal,contract_document,Flag when the mapped signal or misleading condition is evidenced in visible content or workflow evidence.,개인 대출 등 대통령령으로 정하는 대출상품 계약 시 제3자의 연대보증을 요구하거나 계약 조건으로 설정하는 행위를 금지한다.,개인 대출 등 계약 시 제3자의 연대보증을 요구하는 행위 금지,개인에 대한 대출 등 대통령령으로 정하는 대출상품의 계약과 관련하여 제3자의 연대보증을 요구하는 경우,included_in_layer4_mvp_v0_1,no,개인 대출 계약서 및 약정서 상에 제3자 연대보증 조항이나 서명란이 포함되어 있는지 여부를 검증해야 합니다.
law_fincpa_main_2026-01-02:제21조:ob01:rule01,law_fincpa_main_2026-01-02:제21조:ob01:rule01,law_fincpa_main_2026-01-02:제21조:ob01,law_fincpa_main_2026-01-02:제21조,제21조,,부당권유행위 금지,제2절,금융상품 유형별 영업행위 준수사항,general,solicitation,solicitation,prohibited_presence,content_text,direct_content_field,prohibited_claim_signal|fairness_guardrail,visible_content,Flag when the mapped signal or misleading condition is evidenced in visible content or workflow evidence.,"금융상품 계약 체결 권유 시 단정적 판단 제공, 허위 사실 고지, 중요 사항 누락, 객관적 근거 없는 비교 행위를 금지한다.","금융상품 계약 체결 권유 시 단정적 판단 제공, 허위 사실 고지, 중요 사항 묵비, 객관적 근거 없는 비교 행위를 금지한다.",1. 불확실한 사항에 대하여 단정적 판단을 제공하거나 확실하다고 오인하게 할 소지가 있는 내용을 알리는 행위 2. 금융상품의 내용을 사실과 다르게 알리는 행위 3. 금융상품의 가치에 중대한 영향을 미치는 사항을 미리 알고 있으면서 금융소비자에게 알리지 아니하는 행위 4. 금융상품 내용의 일부에 대하여 비교대상 및 기준을 밝히지 아니하거나 객관적인 근거 없이 다른 금융상품과 비교하여 해당 금융상품이 우수하거나 유리하다고 알리는 행위,included_in_layer4_mvp_v0_1,no,"This rule maps directly to the core improper solicitation prohibitions under Article 21, Items 1-4. It requires scanning solicitation materials and scripts for prohibited claims, misleading comparisons, and omissions of material facts."
law_fincpa_main_2026-01-02:제21조:ob02:rule01,law_fincpa_main_2026-01-02:제21조:ob02:rule01,law_fincpa_main_2026-01-02:제21조:ob02,law_fincpa_main_2026-01-02:제21조,제21조,,부당권유행위 금지,제2절,금융상품 유형별 영업행위 준수사항,insurance,solicitation,solicitation,prohibited_presence,content_text,direct_content_field,prohibited_claim_signal|insurance_warning,visible_content,Flag when the mapped signal or misleading condition is evidenced in visible content or workflow evidence.,보장성 상품 권유 시 소비자의 중요 사항 고지를 방해하거나 부실 고지를 권유하는 행위를 금지한다.,보장성 상품 권유 시 소비자의 중요 사항 고지를 방해하거나 부실 고지를 권유하는 행위를 금지한다.,5. 보장성 상품의 경우 다음 각 목의 어느 하나에 해당하는 행위 가. 금융소비자가 보장성 상품 계약의 중요한 사항을 금융상품직접판매업자에게 알리는 것을 방해하거나 알리지 아니할 것을 권유하는 행위 나. 금융소비자가 보장성 상품 계약의 중요한 사항에 대하여 부실하게 금융상품직접판매업자에게 알릴 것을 권유하는 행위,included_in_layer4_mvp_v0_1,no,보장성 상품(보험 등)의 계약 체결 과정에서 고지의무 방해나 부실 고지 유도 문구 또는 스크립트가 포함되어 있는지 검증하는 규칙입니다.
law_fincpa_main_2026-01-02:제21조:ob03:rule01,law_fincpa_main_2026-01-02:제21조:ob03:rule01,law_fincpa_main_2026-01-02:제21조:ob03,law_fincpa_main_2026-01-02:제21조,제21조,,부당권유행위 금지,제2절,금융상품 유형별 영업행위 준수사항,investment,visit_sales|phone_sales,solicitation,prohibited_presence,workflow_metadata,direct_workflow_field,solicitation_purpose|prohibited_claim_signal,workflow_log,Flag when the mapped signal or misleading condition is evidenced in visible content or workflow evidence.,"투자성 상품 권유 시 소비자의 사전 요청 없이 방문, 전화 등 실시간 대화 방식을 이용한 권유 행위를 금지한다.","투자성 상품 권유 시 소비자의 요청 없는 실시간 대화(방문, 전화 등)를 통한 권유 행위를 금지한다.",6. 투자성 상품의 경우 다음 각 목의 어느 하나에 해당하는 행위 가. 금융소비자로부터 계약의 체결권유를 해줄 것을 요청받지 아니하고 방문ㆍ전화 등 실시간 대화의 방법을 이용하는 행위,included_in_layer4_mvp_v0_1,no,"소비자의 사전 권유 요청 여부(동의 이력)와 실제 권유 채널(방문, 전화 등 실시간 채널) 간의 매칭을 검증하는 규칙 설계가 필요합니다."
law_fincpa_main_2026-01-02:제21조:ob04:rule01,law_fincpa_main_2026-01-02:제21조:ob04:rule01,law_fincpa_main_2026-01-02:제21조:ob04,law_fincpa_main_2026-01-02:제21조,제21조,,부당권유행위 금지,제2절,금융상품 유형별 영업행위 준수사항,investment,solicitation,solicitation,prohibited_presence,workflow_metadata,direct_workflow_field,solicitation_purpose|prohibited_claim_signal,workflow_log,Flag when the mapped signal or misleading condition is evidenced in visible content or workflow evidence.,"투자성 상품에 대해 소비자가 계약 체결 권유 거부 의사를 표시한 경우, 해당 소비자에게 지속적인 계약 체결 권유 행위를 즉시 중단하고 추가 권유를 금지해야 한다.",투자성 상품 권유를 거부한 소비자에게 계속하여 계약 체결 권유를 하는 행위를 금지한다.,6. 투자성 상품의 경우 다음 각 목의 어느 하나에 해당하는 행위 나. 계약의 체결권유를 받은 금융소비자가 이를 거부하는 취지의 의사를 표시하였는데도 계약의 체결권유를 계속하는 행위,included_in_layer4_mvp_v0_1,no,소비자의 거부 의사 표시(거부 플래그 또는 거부 이력 기록) 이후에 동일 상품군에 대한 추가 권유 워크플로우가 실행되었는지 여부를 시스템 로그를 통해 검증해야 합니다.
law_fincpa_main_2026-01-02:제21조의2:①:ob01:rule01,law_fincpa_main_2026-01-02:제21조의2:①:ob01:rule01,law_fincpa_main_2026-01-02:제21조의2:①:ob01,law_fincpa_main_2026-01-02:제21조의2:①,제21조의2,①,방문판매 및 전화권유판매 관련 준수사항,제2절,금융상품 유형별 영업행위 준수사항,general,solicitation|visit_sales|phone_sales,solicitation,required_presence,content_text,direct_content_field,solicitation_purpose|prohibited_claim_signal,visible_content,Flag when the mapped field is not evidenced where the obligation requires visible or document-backed presence.,"Ensure general consumers are informed of their right to request the prohibition of solicitation contacts (do-not-call right) via written, electronic, or oral means.","Inform general consumers of their right to request prohibition of solicitation contacts (do-not-call right) via written, electronic, or oral means.",일반금융소비자가 금융상품판매업자등에 대하여 금융상품을 소개하거나 계약 체결을 권유할 목적으로 본인에게 연락하는 것을 금지하도록 요구할 수 있다는 사항,included_in_layer4_mvp_v0_1,no,This rule requires verifying that the opt-out disclosure text is present in the solicitation materials or scripts provided to general consumers.
law_fincpa_main_2026-01-02:제21조의2:①:ob02:rule01,law_fincpa_main_2026-01-02:제21조의2:①:ob02:rule01,law_fincpa_main_2026-01-02:제21조의2:①:ob02,law_fincpa_main_2026-01-02:제21조의2:①,제21조의2,①,방문판매 및 전화권유판매 관련 준수사항,제2절,금융상품 유형별 영업행위 준수사항,general,solicitation|visit_sales|phone_sales,solicitation,required_presence,content_text,direct_content_field,solicitation_purpose|prohibited_claim_signal,visible_content,Flag when the mapped field is not evidenced where the obligation requires visible or document-backed presence.,Ensure that general consumers are provided with clear information regarding the methods and procedures for exercising their right to prohibit solicitation contacts during door-to-door or telemarketing sales.,Inform general consumers of the methods and procedures for exercising their right to prohibit solicitation contacts.,제1호에 따른 권리의 행사방법 및 절차,included_in_layer4_mvp_v0_1,no,"This rule requires verifying that the disclosure content explicitly outlines the operational steps, contact channels, and processing times for consumers to opt out of solicitation."
law_fincpa_main_2026-01-02:제21조의2:②:ob01:rule01,law_fincpa_main_2026-01-02:제21조의2:②:ob01:rule01,law_fincpa_main_2026-01-02:제21조의2:②:ob01,law_fincpa_main_2026-01-02:제21조의2:②,제21조의2,②,방문판매 및 전화권유판매 관련 준수사항,제2절,금융상품 유형별 영업행위 준수사항,general,visit_sales|phone_sales,solicitation,required_response,workflow_metadata,direct_workflow_field,solicitation_purpose|activity_record,workflow_log,Flag when a triggering request or event exists but the required response evidence is missing.,"If a general financial consumer requests the suspension of door-to-door sales or telemarketing, the financial sales agent must immediately comply and cease such solicitation activities.",금융상품판매업자등은 일반금융소비자가 방문판매 또는 전화권유판매의 중단을 요구하는 경우 즉시 이에 응해야 한다.,금융상품판매업자등은 일반금융소비자가 제1항제1호의 요구를 하면 즉시 이에 따라야 한다.,included_in_layer4_mvp_v0_1,no,Requires tracking the consumer's opt-out request timestamp and verifying that no subsequent solicitation activities are initiated after that timestamp.
law_fincpa_main_2026-01-02:제21조의2:③:ob01:rule01,law_fincpa_main_2026-01-02:제21조의2:③:ob01:rule01,law_fincpa_main_2026-01-02:제21조의2:③:ob01,law_fincpa_main_2026-01-02:제21조의2:③,제21조의2,③,방문판매 및 전화권유판매 관련 준수사항,제2절,금융상품 유형별 영업행위 준수사항,general,visit_sales|phone_sales|solicitation,solicitation,prohibited_presence,workflow_metadata,direct_workflow_field,solicitation_purpose|activity_record,workflow_log,Flag when the mapped signal or misleading condition is evidenced in visible content or workflow evidence.,"Prohibit financial product introduction or solicitation via visits or contacts between 9 PM and 8 AM the next day, unless explicitly requested by the consumer.","Prohibit night-time visits or contacts (9 PM to 8 AM) for financial product introduction or solicitation, unless specifically requested by the consumer.","금융상품을 소개하거나 계약 체결을 권유할 목적으로 야간(오후 9시 이후부터 다음 날 오전 8시까지를 말한다)에 금융소비자를 방문하거나 연락하여서는 아니 된다. 다만, 금융소비자가 요청하는 경우에는 제외한다.",included_in_layer4_mvp_v0_1,no,System must verify that any outbound contact or visit log timestamped between 21:00 and 08:00 is paired with a pre-existing consumer request record.
law_fincpa_main_2026-01-02:제21조의2:⑤:ob01:rule01,law_fincpa_main_2026-01-02:제21조의2:⑤:ob01:rule01,law_fincpa_main_2026-01-02:제21조의2:⑤:ob01,law_fincpa_main_2026-01-02:제21조의2:⑤,제21조의2,⑤,방문판매 및 전화권유판매 관련 준수사항,제2절,금융상품 유형별 영업행위 준수사항,general,visit_sales|phone_sales,recordkeeping,required_response,record_system,direct_record_field,activity_record|record_integrity_control|access_response,record_archive,Flag when a triggering request or event exists but the required response evidence is missing.,Maintain and prepare communication records of visit and phone sales for submission or inspection upon request by the Financial Services Commission.,"Upon request by the Financial Services Commission, financial product distributors must submit or allow inspection of communication records to verify compliance with visit and phone sales regulations.",금융위원회는 제2항 또는 제3항의 위반 여부를 확인하기 위하여 금융상품판매업자등에 대하여 통신기록 등의 제출 또는 열람을 요청할 수 있다.,included_in_layer4_mvp_v0_1,no,"This rule translates the FSC's authority to request communication records into an operational requirement for financial product distributors to maintain accessible, verifiable communication logs of visit and phone sales."
law_fincpa_main_2026-01-02:제22조:①:ob01:rule01,law_fincpa_main_2026-01-02:제22조:①:ob01:rule01,law_fincpa_main_2026-01-02:제22조:①:ob01,law_fincpa_main_2026-01-02:제22조:①,제22조,①,금융상품등에 관한 광고 관련 준수사항,제2절,금융상품 유형별 영업행위 준수사항,general|investment,advertising,advertising,prohibited_presence,workflow_metadata,direct_workflow_field,seller_identity|intermediary_status,workflow_log,Flag when the mapped signal or misleading condition is evidenced in visible content or workflow evidence.,"Verify that the entity initiating or publishing a financial product advertisement is a registered financial product distributor authorized to advertise, and is not an unauthorized entity or a restricted investment product agent/broker.",Prohibit unauthorized entities and certain investment product agents/brokers from advertising financial products or services.,금융상품판매업자등이 아닌 자 및 투자성 상 품에 관한 금융상품판매대리ㆍ중개업자 등 대통령령으로 정하는 금융상품판매업자등은 금융 상품판매업자등의 업무에 관한 광고 또는 금융상품에 관한 광고(이하 “금융상품등에 관한 광 고”라 한다)를 해서는 아니 된다.,included_in_layer4_mvp_v0_1,no,This rule prevents unauthorized entities and restricted investment agents/brokers from initiating advertising workflows. It requires checking the seller_identity and intermediary_status against the regulatory registry before allowing advertisement distribution.
law_fincpa_main_2026-01-02:제22조:③:ob01:rule01,law_fincpa_main_2026-01-02:제22조:③:ob01:rule01,law_fincpa_main_2026-01-02:제22조:③:ob01,law_fincpa_main_2026-01-02:제22조:③,제22조,③,금융상품등에 관한 광고 관련 준수사항,제2절,금융상품 유형별 영업행위 준수사항,multiple,advertising,advertising,required_presence,content_text,direct_content_field,seller_identity|product_identity|product_core_terms,visible_content,Flag when the mapped field is not evidenced where the obligation requires visible or document-backed presence.,"Verify that general financial product advertisements (excluding investment products) contain the mandatory warning to read the product manual and terms before signing, the seller's name, and the product description.","금융상품 광고 시 계약 체결 전 설명서 및 약관 권유 문구와 판매업자 명칭, 상품 내용을 반드시 포함해야 함 (투자성 상품 광고 제외)","금융상품판매업자등이 하는 금융상품등에 관한 광고에는 다음 각 호의 내용이 포함되어 야 한다. 다만, 제17조제5항 본문에 따른 투자성 상품에 관한 광고에 대해서는 그러하지 아 니하다. 1. 금융상품에 관한 계약을 체결하기 전에 금융상품 설명서 및 약관을 읽어 볼 것을 권유하 는 내용 2. 금융상품판매업자등의 명칭, 금융상품의 내용",included_in_layer4_mvp_v0_1,no,"This rule applies to general financial product advertisements (excluding investment products under Article 17(5)). It requires the presence of the seller's name, product details, and the standard warning to read the manual and terms before signing."
law_fincpa_main_2026-01-02:제22조:③:ob02:rule01,law_fincpa_main_2026-01-02:제22조:③:ob02:rule01,law_fincpa_main_2026-01-02:제22조:③:ob02,law_fincpa_main_2026-01-02:제22조:③,제22조,③,금융상품등에 관한 광고 관련 준수사항,제2절,금융상품 유형별 영업행위 준수사항,insurance,advertising,advertising,required_presence,content_text,direct_content_field,insurance_warning,visible_content,Flag when the mapped field is not evidenced where the obligation requires visible or document-backed presence.,"보장성 상품 광고 시 기존 계약 해지 후 신규 계약 체결에 따른 불이익(계약체결 거부, 보험료 인상, 보장내용 변경 등) 가능성 경고 문구를 필수 포함해야 한다.","보장성 상품 광고 시 기존 계약 해지 후 신규 계약 체결에 따른 불이익(거부, 보험료 인상, 보장내용 변경 등) 가능성을 포함해야 함",가. 보장성 상품의 경우: 기존에 체결했던 계약을 해지하고 다른 계약을 체결하는 경우에는 계약체결의 거부 또는 보험료 등 금융소비자의 지급비용(이하 이 조에서 “보험료등”이라 한다)이 인상되거나 보장내용이 변경될 수 있다는 사항,included_in_layer4_mvp_v0_1,no,보장성 상품(보험 등) 광고 심의 시 기존 계약 해지 후 재가입에 따른 불이익 경고 문구가 텍스트 내에 누락 없이 포함되어 있는지 검증하는 규칙입니다.
law_fincpa_main_2026-01-02:제22조:③:ob03:rule01,law_fincpa_main_2026-01-02:제22조:③:ob03:rule01,law_fincpa_main_2026-01-02:제22조:③:ob03,law_fincpa_main_2026-01-02:제22조:③,제22조,③,금융상품등에 관한 광고 관련 준수사항,제2절,금융상품 유형별 영업행위 준수사항,investment,advertising,advertising,required_presence,content_text,direct_content_field,investment_warning|prohibited_claim_signal,visible_content,Flag when the mapped field is not evidenced where the obligation requires visible or document-backed presence.,Verify that investment product advertisements include warnings on investment risks and explicitly state that past performance does not guarantee future returns if past performance is presented.,투자성 상품 광고 시 투자에 따른 위험 및 과거 실적이 미래 수익을 보장하지 않는다는 사실을 포함해야 함,나. 투자성 상품의 경우 1) 투자에 따른 위험 2) 과거 운용실적을 포함하여 광고를 하는 경우에는 그 운용실적이 미래의 수익률을 보장 하는 것이 아니라는 사항,included_in_layer4_mvp_v0_1,no,This rule directly maps to the mandatory disclosure requirements for investment product advertisements under Article 22 Paragraph 3. It requires checking for the presence of risk warnings and the past performance disclaimer.
law_fincpa_main_2026-01-02:제22조:③:ob04:rule01,law_fincpa_main_2026-01-02:제22조:③:ob04:rule01,law_fincpa_main_2026-01-02:제22조:③:ob04,law_fincpa_main_2026-01-02:제22조:③,제22조,③,금융상품등에 관한 광고 관련 준수사항,제2절,금융상품 유형별 영업행위 준수사항,deposit,advertising,advertising,required_presence,content_text,direct_content_field,deposit_disclaimer|product_core_terms,visible_content,Flag when the mapped field is not evidenced where the obligation requires visible or document-backed presence.,"When advertising variable-rate deposit-type products with illustrated maturity payouts, the advertisement must explicitly state that the illustrated payout does not guarantee future returns.",예금성 상품 광고 시 만기지급금 등을 예시하는 경우 해당 예시가 미래 수익을 보장하지 않는다는 사실을 포함해야 함 (대통령령으로 정하는 변동금리 상품에 한함),다. 예금성 상품의 경우: 만기지급금 등을 예시하여 광고하는 경우에는 해당 예시된 지급금 등이 미래의 수익을 보장하는 것이 아니라는 사항(만기 시 지급금이 변동하는 예금성 상 품으로서 대통령령으로 정하는 금융상품의 경우에 한정한다),included_in_layer4_mvp_v0_1,no,This rule applies specifically to variable-rate deposit products where maturity payouts are illustrated. The system must verify the presence of the disclaimer text in the advertisement content.
law_fincpa_main_2026-01-02:제22조:③:ob05:rule01,law_fincpa_main_2026-01-02:제22조:③:ob05:rule01,law_fincpa_main_2026-01-02:제22조:③:ob05,law_fincpa_main_2026-01-02:제22조:③,제22조,③,금융상품등에 관한 광고 관련 준수사항,제2절,금융상품 유형별 영업행위 준수사항,loan,advertising,advertising,required_presence,content_text,direct_content_field,loan_conditions,visible_content,Flag when the mapped field is not evidenced where the obligation requires visible or document-backed presence.,Verify that advertisements for loan products explicitly include the required loan conditions.,대출성 상품 광고 시 대출조건을 반드시 포함해야 함,라. 대출성 상품의 경우: 대출조건,included_in_layer4_mvp_v0_1,no,"This rule directly maps to the mandatory disclosure of loan conditions in advertisements for loan products under Article 22, Paragraph 3."
law_fincpa_main_2026-01-02:제22조:④:ob01:rule01,law_fincpa_main_2026-01-02:제22조:④:ob01:rule01,law_fincpa_main_2026-01-02:제22조:④:ob01,law_fincpa_main_2026-01-02:제22조:④,제22조,④,금융상품등에 관한 광고 관련 준수사항,제2절,금융상품 유형별 영업행위 준수사항,insurance,advertising,advertising,prohibited_presence,content_text,direct_content_field,insurance_warning|product_core_terms|prohibited_claim_signal,visible_content,Flag when the mapped signal or misleading condition is evidenced in visible content or workflow evidence.,"보장성 상품 광고 시 보장 제한 조건, 고액 보장 강조, 일 단위 보험료 표시, 자동갱신 시 인상 가능성, 만기환급금 변동성 등 소비자가 오인할 수 있는 핵심 정보의 누락이나 왜곡을 금지하고 필수 경고 문구를 포함해야 한다.","보장성 상품 광고 시 보장 제한, 고액 보장 강조, 보험료 오인 유도, 자동갱신 인상 미고지 등 소비자가 오인할 수 있는 행위를 금지한다.","1. 보장성 상품 가. 보장한도, 보장 제한 조건, 면책사항 또는 감액지급 사항 등을 빠뜨리거나 충분히 고지하지 아니하여 제한 없이 보장을 받을 수 있는 것으로 오인하게 하는 행위 나. 보험금이 큰 특정 내용만을 강조하거나 고액 보장 사례 등을 소개하여 보장내용이 큰 것으로 오인하게 하는 행위 다. 보험료를 일(日) 단위로 표시하거나 보험료의 산출기준을 불충분하게 설명하는 등 보험료등이 저렴한 것으로 오인하게 하는 행위 라. 만기 시 자동갱신되는 보장성 상품의 경우 갱신 시 보험료등이 인상될 수 있음을 금융소비자가 인지할 수 있도록 충분히 고지하지 아니하는 행위 마. 금리 및 투자실적에 따라 만기환급금이 변동될 수 있는 보장성 상품의 경우 만기환급금이 보장성 상품의 만기일에 확정적으로 지급되는 것으로 오인하게 하는 행위 등 금융소비자 보호를 위하여 대통령령으로 정하는 행위",included_in_layer4_mvp_v0_1,no,"보장성 상품 광고 심의 시 보장 제한 조건 누락 여부, 일 단위 보험료 표기 시 산출기준 병기 여부, 자동갱신 인상 안내 문구 포함 여부 등을 검증하는 텍스트 필터링 및 체크리스트 룰로 구현 가능합니다."
law_fincpa_main_2026-01-02:제22조:④:ob02:rule01,law_fincpa_main_2026-01-02:제22조:④:ob02:rule01,law_fincpa_main_2026-01-02:제22조:④:ob02,law_fincpa_main_2026-01-02:제22조:④,제22조,④,금융상품등에 관한 광고 관련 준수사항,제2절,금융상품 유형별 영업행위 준수사항,investment,advertising,advertising,prohibited_presence,content_text,direct_content_field,investment_warning|prohibited_claim_signal,visible_content,Flag when the mapped signal or misleading condition is evidenced in visible content or workflow evidence.,"투자성 상품 광고 시 손실보전·이익보장 오인 유도 문구 사용을 금지하고, 특정 유리한 기간의 수익률만 선택적으로 표시하는 행위를 차단한다.","투자성 상품 광고 시 손실보전·이익보장 오인 유도, 허용되지 않은 사항 사용, 특정 유리한 기간의 수익률만 표시하는 행위를 금지한다.",2. 투자성 상품 가. 손실보전(損失補塡) 또는 이익보장이 되는 것으로 오인하게 하는 행위... 나. 대통령령으로 정하는 투자성 상품에 대하여 해당 투자성 상품의 특성을 고려하여 대통령령으로 정하는 사항 외의 사항을 광고에 사용하는 행위 다. 수익률이나 운용실적을 표시하는 경우 수익률이나 운용실적이 좋은 기간의 수익률이나 운용실적만을 표시하는 행위 등 금융소비자 보호를 위하여 대통령령으로 정하는 행위,included_in_layer4_mvp_v0_1,no,투자성 상품 광고 심의 시 원금보장 오인 문구 및 수익률 왜곡 표시 여부를 사전 필터링할 수 있는 텍스트 검증 룰셋 구축이 필요합니다.
law_fincpa_main_2026-01-02:제22조:④:ob03:rule01,law_fincpa_main_2026-01-02:제22조:④:ob03:rule01,law_fincpa_main_2026-01-02:제22조:④:ob03,law_fincpa_main_2026-01-02:제22조:④,제22조,④,금융상품등에 관한 광고 관련 준수사항,제2절,금융상품 유형별 영업행위 준수사항,deposit,advertising,advertising,prohibited_presence,content_text,direct_content_field,deposit_disclaimer|product_core_terms|prohibited_claim_signal,visible_content,Flag when the mapped signal or misleading condition is evidenced in visible content or workflow evidence.,"예금성 상품 광고 시 이자율 범위·산정방법 등을 명확히 표시하고, 특정 유리한 기간의 수익률만 선택적으로 표시하여 소비자를 오인하게 하는 행위를 금지한다.",예금성 상품 광고 시 이자율 범위·산정방법 등을 불명확하게 표시하여 오인을 유도하거나 유리한 기간의 수익률만 표시하는 행위를 금지한다.,"3. 예금성 상품 가. 이자율의 범위ㆍ산정방법, 이자의 지급ㆍ부과 시기 및 부수적 혜택ㆍ비용을 명확히 표시하지 아니하여 금융소비자가 오인하게 하는 행위 나. 수익률이나 운용실적을 표시하는 경우 수익률이나 운용실적이 좋은 기간의 것만을 표시하는 행위 등 금융소비자 보호를 위하여 대통령령으로 정하는 행위",included_in_layer4_mvp_v0_1,no,예금성 상품 광고 심의 시 이자율 산정방식 누락 여부 및 특정 기간 수익률 편향 왜곡 표시 여부를 검증하는 룰셋 설계가 필요합니다.
law_fincpa_main_2026-01-02:제22조:④:ob04:rule01,law_fincpa_main_2026-01-02:제22조:④:ob04:rule01,law_fincpa_main_2026-01-02:제22조:④:ob04,law_fincpa_main_2026-01-02:제22조:④,제22조,④,금융상품등에 관한 광고 관련 준수사항,제2절,금융상품 유형별 영업행위 준수사항,loan,advertising,advertising,prohibited_presence,content_text,direct_content_field,loan_conditions|loan_rate_basis|loan_interest_timing|loan_costs,visible_content,Flag when the mapped signal or misleading condition is evidenced in visible content or workflow evidence.,"대출성 상품 광고 시 대출이자율의 범위·산정방법 등을 명확히 표시하고, 일 단위 이자율 표시를 통해 저렴한 것으로 오인하게 하는 행위를 금지한다.",대출성 상품 광고 시 대출이자율 범위·산정방법 등을 불명확하게 표시하거나 일 단위 표시로 저렴한 것으로 오인하게 하는 행위를 금지한다.,"4. 대출성 상품 가. 대출이자율의 범위ㆍ산정방법, 대출이자의 지급ㆍ부과 시기 및 부수적 혜택ㆍ비용을 명확히 표시하지 아니하여 금융소비자가 오인하게 하는 행위 나. 대출이자를 일 단위로 표시하여 대출이자가 저렴한 것으로 오인하게 하는 행위 등 금융소비자 보호를 위하여 대통령령으로 정하는 행위",included_in_layer4_mvp_v0_1,no,대출 광고 심의 시 일 단위 이자율 단독 표기 여부 및 이자율 산정방식 누락 여부를 검증하는 룰셋 설계가 필요합니다.
law_fincpa_main_2026-01-02:제23조:①:ob01:rule01,law_fincpa_main_2026-01-02:제23조:①:ob01:rule01,law_fincpa_main_2026-01-02:제23조:①:ob01,law_fincpa_main_2026-01-02:제23조:①,제23조,①,계약서류의 제공의무,제2절,금융상품 유형별 영업행위 준수사항,general,contracting,contract_documents,required_process,workflow_metadata,direct_workflow_field,contract_document_delivery,workflow_log,Flag when the required workflow step or control checkpoint cannot be evidenced in process metadata.,Ensure contract documents are provided to financial consumers without delay upon contract finalization.,Provide contract documents to financial consumers without delay upon entering into a contract.,금융상품직접판매업자 및 금융상품자문업자는 금융소비자와 금융상품 또는 금융상품자문에 관한 계약을 체결하는 경우 금융상품의 유형별로 대통령령으 로 정하는 계약서류를 금융소비자에게 지체 없이 제공하여야 한다.,included_in_layer4_mvp_v0_1,no,Requires system integration to track the timestamp of contract finalization against the timestamp of contract document delivery to verify 'without delay' compliance.
law_fincpa_main_2026-01-02:제23조:②:ob01:rule01,law_fincpa_main_2026-01-02:제23조:②:ob01:rule01,law_fincpa_main_2026-01-02:제23조:②:ob01,law_fincpa_main_2026-01-02:제23조:②,제23조,②,계약서류의 제공의무,제2절,금융상품 유형별 영업행위 준수사항,general,contracting,recordkeeping,required_record,record_system,direct_record_field,contract_document_delivery|activity_record|record_integrity_control,record_archive,"Flag when the required log, archive entry, or registry record is missing.","In the event of a dispute, the financial business operator must prove the fact and timing of contract document delivery or contract conclusion by maintaining secure, timestamped delivery and execution logs.","In the event of a dispute, the financial business operator must prove the fact and timing of contract document delivery or contract conclusion.",계약서류의 제공 사실 또는 계약체결 사실 및 그 시기에 관하여 금융소비자 와 다툼이 있는 경우에는 금융상품직접판매업자 및 금융상품자문업자가 이를 증명하여야 한다,included_in_layer4_mvp_v0_1,no,"To satisfy the burden of proof under Article 23 Paragraph 2, the system must maintain immutable logs of contract delivery and execution timestamps, linked directly to the consumer's profile."
law_fincpa_main_2026-01-02:제24조:ob01:rule01,law_fincpa_main_2026-01-02:제24조:ob01:rule01,law_fincpa_main_2026-01-02:제24조:ob01,law_fincpa_main_2026-01-02:제24조,제24조,,미등록자를 통한 금융상품판매 대리ㆍ중개 금지,제3절,금융상품판매업자등의 업종별 영업행위 준수사항,general,solicitation|contracting,intermediary,prohibited_presence,workflow_metadata,direct_workflow_field,intermediary_status|staff_registry,workflow_log,Flag when the mapped signal or misleading condition is evidenced in visible content or workflow evidence.,Verify that any agent or broker involved in a financial contract is registered and active in the official staff registry before allowing contract execution.,Prohibit outsourcing or allowing unregistered entities to act as agents or brokers for financial contracts.,금융상품판매업자는 금융상품판매대 리ㆍ중개업자가 아닌 자에게 금융상품계약체결등을 대리하거나 중개하게 해서는 아니 된다.,included_in_layer4_mvp_v0_1,no,This rule requires cross-referencing the intermediary identifier in the transaction workflow with the official registration database to prevent unregistered sales activities.
law_fincpa_main_2026-01-02:제25조:①:ob01:rule01,law_fincpa_main_2026-01-02:제25조:①:ob01:rule01,law_fincpa_main_2026-01-02:제25조:①:ob01,law_fincpa_main_2026-01-02:제25조:①,제25조,①,금융상품판매대리ㆍ중개업자의 금지행위,제3절,금융상품판매업자등의 업종별 영업행위 준수사항,multiple,contracting,intermediary,prohibited_presence,workflow_metadata,direct_workflow_field,intermediary_status|activity_record,workflow_log,Flag when the mapped signal or misleading condition is evidenced in visible content or workflow evidence.,"금융상품판매대리·중개업자는 금융소비자로부터 투자금, 보험료 등 계약 이행으로서의 급부를 수령해서는 안 되며, 예외적으로 권한을 부여받은 경우에만 수령해야 한다.","금융상품판매대리·중개업자는 금융소비자로부터 투자금, 보험료 등 계약 이행으로서의 급부를 수령해서는 아니 된다. (단, 권한을 부여받은 대통령령으로 정하는 행위는 제외)","금융소비자로부터 투자금, 보험료 등 계약의 이행으로서 급부를 받는 행위. 다만, 금융상품직접판매업자로부터 급부 수령에 관한 권한을 부여받은 경우로서 대통령령으로 정하는 행위는 제외한다.",included_in_layer4_mvp_v0_1,no,대리·중개업자의 무단 수납 행위를 통제하기 위해 수납 주체 및 권한 부여 여부를 시스템 워크플로우 상에서 검증해야 합니다.
law_fincpa_main_2026-01-02:제25조:①:ob02:rule01,law_fincpa_main_2026-01-02:제25조:①:ob02:rule01,law_fincpa_main_2026-01-02:제25조:①:ob02,law_fincpa_main_2026-01-02:제25조:①,제25조,①,금융상품판매대리ㆍ중개업자의 금지행위,제3절,금융상품판매업자등의 업종별 영업행위 준수사항,multiple,solicitation|contracting,intermediary,prohibited_presence,workflow_metadata,direct_workflow_field,intermediary_status|activity_record,workflow_log,Flag when the mapped signal or misleading condition is evidenced in visible content or workflow evidence.,"금융상품판매대리·중개업자가 대리·중개 업무를 제3자에게 재위탁하거나 이에 대한 대가를 지급하는 행위를 금지한다. 단, 대통령령으로 정하는 예외적 허용 행위는 제외한다.","금융상품판매대리·중개업자는 대리·중개 업무를 제3자에게 재위탁하거나 대가를 지급해서는 아니 된다. (단, 이해상충 및 소비자 피해 우려가 없는 대통령령으로 정하는 행위는 제외)","금융상품판매대리ㆍ중개업자가 대리ㆍ중개하는 업무를 제3자에게 하게 하거나 그러한 행위에 관하여 수수료ㆍ보수나 그 밖의 대가를 지급하는 행위. 다만, 금융상품직접판매업자의 이익과 상충되지 아니하고 금융소비자 보호를 해치지 아니하는 경우로서 대통령령으로 정하는 행위는 제외한다.",included_in_layer4_mvp_v0_1,no,대리·중개업자의 재위탁 금지 의무를 검증하기 위해 위탁 계약 정보 및 업무 수행 주체(제3자 여부)를 시스템 로그 및 계약 메타데이터에서 확인해야 합니다.
law_fincpa_main_2026-01-02:제25조:②:ob01:rule01,law_fincpa_main_2026-01-02:제25조:②:ob01:rule01,law_fincpa_main_2026-01-02:제25조:②:ob01,law_fincpa_main_2026-01-02:제25조:②,제25조,②,금융상품판매대리ㆍ중개업자의 금지행위,제3절,금융상품판매업자등의 업종별 영업행위 준수사항,general,solicitation|contracting,intermediary,prohibited_presence,workflow_metadata,direct_workflow_field,intermediary_status|prohibited_claim_signal,workflow_log,Flag when the mapped signal or misleading condition is evidenced in visible content or workflow evidence.,금융상품판매대리·중개업자가 금융상품직접판매업자로부터 사전에 약정된 수수료 외의 금품이나 재산상 이익을 요구하거나 수취하는 행위를 금지한다.,금융상품판매대리·중개업자는 직접판매업자로부터 정해진 수수료 외의 금품이나 재산상 이익을 요구하거나 수취해서는 안 된다.,"금융상품판매대리ㆍ중개업자는 금융상품판매 대리ㆍ중개 업무를 수행할 때 금융상품직접판매업자로부터 정해진 수수료 외의 금품, 그 밖의 재산상 이익을 요구하거나 받아서는 아니 된다.",included_in_layer4_mvp_v0_1,no,"This rule targets unauthorized financial benefits received by intermediaries from direct sellers, which can be monitored via transaction logs, commission settlement records, and compliance reporting systems."
law_fincpa_main_2026-01-02:제26조:①:ob01:rule01,law_fincpa_main_2026-01-02:제26조:①:ob01:rule01,law_fincpa_main_2026-01-02:제26조:①:ob01,law_fincpa_main_2026-01-02:제26조:①,제26조,①,금융상품판매대리ㆍ중개업자의 고지의무 등,제3절,금융상품판매업자등의 업종별 영업행위 준수사항,general,solicitation|contracting,intermediary,required_presence,content_text,direct_content_field,intermediary_status|seller_identity,visible_content,Flag when the mapped field is not evidenced where the obligation requires visible or document-backed presence.,Verify that the name and business details of the direct financial product seller being represented or brokered are disclosed to the consumer prior to performing agency or brokerage services.,Disclose the name and business details of the direct financial product seller being represented or brokered.,금융상품판매대리ㆍ중개업자가 대리ㆍ중개하는 금융상품직접판매업자의 명칭 및 업무 내용,included_in_layer4_mvp_v0_1,no,"This rule ensures compliance with Article 26, Paragraph 1, Item 1 of the Financial Consumer Protection Act, requiring clear disclosure of the direct seller's identity and business scope to the consumer."
law_fincpa_main_2026-01-02:제26조:①:ob02:rule01,law_fincpa_main_2026-01-02:제26조:①:ob02:rule01,law_fincpa_main_2026-01-02:제26조:①:ob02,law_fincpa_main_2026-01-02:제26조:①,제26조,①,금융상품판매대리ㆍ중개업자의 고지의무 등,제3절,금융상품판매업자등의 업종별 영업행위 준수사항,general,solicitation|contracting,intermediary,required_presence,content_text,direct_content_field,intermediary_status,visible_content,Flag when the mapped field is not evidenced where the obligation requires visible or document-backed presence.,Verify that the financial product agent or broker discloses their exclusivity status (whether they represent or broker for a single direct financial product seller) to the consumer prior to contract conclusion.,Disclose whether the agent or broker exclusively represents or brokers for a single direct financial product seller.,하나의 금융상품직접판매업자만을 대리하거나 중개하는 금융상품판매대리ㆍ중개업자인지 여부,included_in_layer4_mvp_v0_1,no,This rule directly maps to the disclosure of exclusivity status under Article 26 Paragraph 1 Item 2. It can be verified by checking the presence of the exclusivity declaration in the pre-contract disclosure materials or system screens.
law_fincpa_main_2026-01-02:제26조:①:ob03:rule01,law_fincpa_main_2026-01-02:제26조:①:ob03:rule01,law_fincpa_main_2026-01-02:제26조:①:ob03,law_fincpa_main_2026-01-02:제26조:①,제26조,①,금융상품판매대리ㆍ중개업자의 고지의무 등,제3절,금융상품판매업자등의 업종별 영업행위 준수사항,general,solicitation|contracting,intermediary,required_presence,content_text,direct_content_field,intermediary_status|prohibited_claim_signal,visible_content,Flag when the mapped field is not evidenced where the obligation requires visible or document-backed presence.,Ensure that financial product intermediaries or agents who lack contract-concluding authority explicitly disclose to consumers that they do not have the authority to execute the contract.,Disclose the lack of contract-concluding authority if such authority has not been granted by the direct seller.,금융상품직접판매업자로부터 금융상품 계약체결권을 부여받지 아니한 금융상품판매대리ㆍ중개업자의 경우 자신이 금융상품계약을 체결할 권한이 없다는 사실,included_in_layer4_mvp_v0_1,no,This rule requires verifying that the disclosure of the lack of contract-concluding authority is present in the consumer-facing materials or screens provided by the intermediary.
law_fincpa_main_2026-01-02:제26조:①:ob04:rule01,law_fincpa_main_2026-01-02:제26조:①:ob04:rule01,law_fincpa_main_2026-01-02:제26조:①:ob04,law_fincpa_main_2026-01-02:제26조:①,제26조,①,금융상품판매대리ㆍ중개업자의 고지의무 등,제3절,금융상품판매업자등의 업종별 영업행위 준수사항,general,solicitation|contracting,intermediary,required_presence,content_text,direct_content_field,intermediary_status|explanation_material,explanation_form,Flag when the mapped field is not evidenced where the obligation requires visible or document-backed presence.,Ensure that matters regarding liability for damages under Articles 44 and 45 are clearly disclosed and explained to the consumer in advance.,Disclose matters regarding liability for damages under Articles 44 and 45.,제44조와 제45조에 따른 손해배상책임에 관한 사항,included_in_layer4_mvp_v0_1,no,This rule requires verifying that the pre-contractual explanation materials or disclosure documents provided by the intermediary explicitly contain the liability clauses under Articles 44 and 45.
law_fincpa_main_2026-01-02:제26조:②:ob01:rule01,law_fincpa_main_2026-01-02:제26조:②:ob01:rule01,law_fincpa_main_2026-01-02:제26조:②:ob01,law_fincpa_main_2026-01-02:제26조:②,제26조,②,금융상품판매대리ㆍ중개업자의 고지의무 등,제3절,금융상품판매업자등의 업종별 영업행위 준수사항,general,all_customer_facing|solicitation|contracting,intermediary,required_presence,content_text,direct_content_field,intermediary_status,visible_content,Flag when the mapped field is not evidenced where the obligation requires visible or document-backed presence.,금융상품판매대리·중개업자는 영업점 또는 디지털 플랫폼 등 업무 수행 장소에 자신이 대리·중개업자임을 나타내는 표지를 게시하여야 한다.,금융상품판매대리·중개업자는 업무 수행 시 자신이 대리·중개업자임을 나타내는 표지를 게시하여야 한다.,자신이 금융 상품판매대리ㆍ중개업자라는 사실을 나타내는 표지를 게시하거나,included_in_layer4_mvp_v0_1,no,This rule requires verifying that the agent/broker status sign is visibly posted on the digital platform or physical business location.
law_fincpa_main_2026-01-02:제26조:②:ob02:rule01,law_fincpa_main_2026-01-02:제26조:②:ob02:rule01,law_fincpa_main_2026-01-02:제26조:②:ob02,law_fincpa_main_2026-01-02:제26조:②,제26조,②,금융상품판매대리ㆍ중개업자의 고지의무 등,제3절,금융상품판매업자등의 업종별 영업행위 준수사항,general,all_customer_facing|solicitation|contracting,intermediary,required_process,workflow_metadata,direct_workflow_field,intermediary_status|representative_identity,workflow_log,Flag when the required workflow step or control checkpoint cannot be evidenced in process metadata.,금융상품판매대리·중개업자는 금융소비자에게 업무 수행 시 자신이 대리·중개업자임을 증명하는 증표를 제시하여야 한다.,금융상품판매대리·중개업자는 업무 수행 시 자신이 대리·중개업자임을 나타내는 증표를 금융소비자에게 제시하여야 한다.,증표를 금융소비자에게 보여 주어야 한다.,included_in_layer4_mvp_v0_1,no,"This rule requires verifying that the intermediary's identification credentials or status proof were presented to the consumer during the solicitation or sales process, which should be logged in the system workflow."
law_fincpa_main_2026-01-02:제27조:③:ob01:rule01,law_fincpa_main_2026-01-02:제27조:③:ob01:rule01,law_fincpa_main_2026-01-02:제27조:③:ob01,law_fincpa_main_2026-01-02:제27조:③,제27조,③,금융상품자문업자의 영업행위준칙 등,제3절,금융상품판매업자등의 업종별 영업행위 준수사항,investment,advisory,advisory,required_presence,content_text,direct_content_field,advisory_independence|intermediary_status|product_core_terms,explanation_form,Flag when the mapped field is not evidenced where the obligation requires visible or document-backed presence.,"Disclose key advisory information including independence status, financial benefits from distributors, affiliated distributors, scope of products, and advisory procedures to consumers during the advisory process.","Disclose key advisory information (independence status, financial benefits, affiliated distributors, scope, and procedures) to consumers during the advisory process.",금융상품자문업자는 자문업무를 수행하는 과정에서 다음 각 호의 사항을 금융소비자에게 알려야 하며,included_in_layer4_mvp_v0_1,no,"This rule maps directly to the disclosure requirements for financial product advisory businesses under Article 27, Paragraph 3. The disclosure must explicitly cover independence status, financial benefits, affiliated distributors, scope, and procedures."
law_fincpa_main_2026-01-02:제27조:③:ob02:rule01,law_fincpa_main_2026-01-02:제27조:③:ob02:rule01,law_fincpa_main_2026-01-02:제27조:③:ob02,law_fincpa_main_2026-01-02:제27조:③,제27조,③,금융상품자문업자의 영업행위준칙 등,제3절,금융상품판매업자등의 업종별 영업행위 준수사항,investment,advisory,advisory,required_presence,workflow_metadata,direct_workflow_field,advisory_independence|representative_identity,workflow_log,Flag when the mapped field is not evidenced where the obligation requires visible or document-backed presence.,Verify that the financial product advisory business posts signs or presents credentials to consumers to prove its official status.,Post signs or present credentials to consumers proving status as a financial product advisory business.,자신이 금융상품자문업자라는 사실을 나타내는 표지를 게시하거나 증표를 금융소비자에게 내보여야 한다.,included_in_layer4_mvp_v0_1,no,"This rule ensures compliance with the identity disclosure requirement for advisory businesses, which can be verified via digital credential presentation logs or physical signage verification records."
law_fincpa_main_2026-01-02:제27조:④:ob01:rule01,law_fincpa_main_2026-01-02:제27조:④:ob01:rule01,law_fincpa_main_2026-01-02:제27조:④:ob01,law_fincpa_main_2026-01-02:제27조:④,제27조,④,금융상품자문업자의 영업행위준칙 등,제3절,금융상품판매업자등의 업종별 영업행위 준수사항,general,advertising,advisory,prohibited_presence,content_text,direct_content_field,advisory_independence|prohibited_claim_signal,visible_content,Flag when the mapped signal or misleading condition is evidenced in visible content or workflow evidence.,Ensure that non-independent financial product advisory businesses do not use the word 'independent' or its foreign equivalents in their names or advertisements.,Non-independent financial product advisory businesses must not use the word 'independent' or its foreign equivalents in their names or advertisements.,독립금융상품자문업자가 아닌 자는 “독립”이라는 문자 또는 이와 같은 의미를 가지고 있 는 외국어 문자로서 대통령령으로 정하는 문자(이하 “독립문자”라 한다)를 명칭이나 광고에 사용할 수 없다.,included_in_layer4_mvp_v0_1,no,This rule directly prohibits non-independent advisory businesses from using 'independent' or equivalent foreign terms in their corporate names or promotional materials.
law_fincpa_main_2026-01-02:제27조:⑤:ob01:rule01,law_fincpa_main_2026-01-02:제27조:⑤:ob01:rule01,law_fincpa_main_2026-01-02:제27조:⑤:ob01,law_fincpa_main_2026-01-02:제27조:⑤,제27조,⑤,금융상품자문업자의 영업행위준칙 등,제3절,금융상품판매업자등의 업종별 영업행위 준수사항,general,advisory,advisory,prohibited_presence,workflow_metadata,direct_workflow_field,advisory_independence|prohibited_claim_signal,workflow_log,Flag when the mapped signal or misleading condition is evidenced in visible content or workflow evidence.,독립금융상품자문업자는 금융소비자의 자문 응답과 관련하여 금융상품판매업자로부터 재산상 이익을 수취하여서는 아니 된다.,독립금융상품자문업자는 금융소비자의 자문 응답과 관련하여 금융상품판매업자로부터 재산상 이익을 받는 행위를 하여서는 아니 된다.,독립금융상품자문업자는 다음 각 호의 어느 하나에 해당하는 행위를 해서는 아니 된다. 1. 금융소비자의 자문에 대한 응답과 관련하여 금융상품판매업자(임직원을 포함한다)로부터 재산상 이익을 받는 행위.,included_in_layer4_mvp_v0_1,no,"대통령령으로 정하는 예외 사유(판매업자 자체 자문에 대한 응답 등)를 제외하고는 금융상품판매업자로부터의 재산상 이익 수취가 금지되므로, 자문업자의 독립성 평가 및 거래 기록 검증이 필요합니다."
law_fincpa_main_2026-01-02:제28조:①:ob02:rule01,law_fincpa_main_2026-01-02:제28조:①:ob02:rule01,law_fincpa_main_2026-01-02:제28조:①:ob02,law_fincpa_main_2026-01-02:제28조:①,제28조,①,자료의 기록 및 유지ㆍ관리 등,제3절,금융상품판매업자등의 업종별 영업행위 준수사항,general,internal_control,recordkeeping,required_record,record_system,direct_record_field,activity_record|record_integrity_control,record_archive,"Flag when the required log, archive entry, or registry record is missing.",Ensure all recorded materials for financial consumer protection are maintained and managed for the specific retention periods prescribed by the Presidential Decree.,Maintain and manage recorded materials for the retention periods prescribed by Presidential Decree,자료의 종류별로 대통령령으로 정하는 기간 동안 유지ㆍ관리하여야 한다.,included_in_layer4_mvp_v0_1,no,This rule requires verifying that the system's retention policy configurations and actual stored records comply with the specific duration thresholds defined in the Enforcement Decree for each record type.
law_fincpa_main_2026-01-02:제28조:②:ob01:rule01,law_fincpa_main_2026-01-02:제28조:②:ob01:rule01,law_fincpa_main_2026-01-02:제28조:②:ob01,law_fincpa_main_2026-01-02:제28조:②,제28조,②,자료의 기록 및 유지ㆍ관리 등,제3절,금융상품판매업자등의 업종별 영업행위 준수사항,general,internal_control,recordkeeping,required_process,record_system,direct_record_field,record_integrity_control|activity_record,record_archive,Flag when the required workflow step or control checkpoint cannot be evidenced in process metadata.,"Establish and implement internal security and integrity control measures to prevent the loss, forgery, or alteration of stored financial consumer transaction records.","금융상품판매업자등은 기록 및 유지·관리하는 자료의 멸실, 위조, 변조 방지를 위한 적절한 대책을 수립 및 시행하여야 한다.",기록 및 유지ㆍ관리하여야 하는 자료가 멸실 또는 위조되거나 변조되지 아니하도록 적절한 대책을 수립ㆍ시행하여야 한다,included_in_layer4_mvp_v0_1,no,"This rule maps directly to the system integrity controls of the recordkeeping system, requiring evidence of anti-forgery, anti-alteration, and backup mechanisms."
law_fincpa_main_2026-01-02:제28조:③:ob01:rule01,law_fincpa_main_2026-01-02:제28조:③:ob01:rule01,law_fincpa_main_2026-01-02:제28조:③:ob01,law_fincpa_main_2026-01-02:제28조:③,제28조,③,자료의 기록 및 유지ㆍ관리 등,제3절,금융상품판매업자등의 업종별 영업행위 준수사항,general,all_customer_facing,recordkeeping,required_response,workflow_metadata,direct_workflow_field,access_request|access_response|activity_record,workflow_log,Flag when a triggering request or event exists but the required response evidence is missing.,"Establish a workflow to receive and process consumer requests to access, copy, or listen to recorded data for dispute resolution or litigation purposes.","Allow financial consumers to access, copy, or listen to recorded and maintained data upon request for dispute resolution or litigation purposes.",금융소비자는 제36조에 따른 분쟁조정 또는 소송의 수행 등 권리구제를 위한 목적으로 제1항에 따라 금융상품판매업자등이 기록 및 유지ㆍ관리하는 자료의 열람(사본의 제공 또는 청취를 포함한다. 이하 이 조에서 같다)을 요구할 수 있다.,included_in_layer4_mvp_v0_1,no,"This rule operationalizes the consumer's right to request access by requiring a structured workflow that logs the receipt of the request, the purpose (dispute/litigation), and the subsequent response or provision of data."
law_fincpa_main_2026-01-02:제28조:④:ob01:rule01,law_fincpa_main_2026-01-02:제28조:④:ob01:rule01,law_fincpa_main_2026-01-02:제28조:④:ob01,law_fincpa_main_2026-01-02:제28조:④,제28조,④,자료의 기록 및 유지ㆍ관리 등,제3절,금융상품판매업자등의 업종별 영업행위 준수사항,general,all_customer_facing,recordkeeping,required_response,workflow_metadata,direct_workflow_field,access_request|access_response,workflow_log,Flag when a triggering request or event exists but the required response evidence is missing.,"Ensure that when a financial consumer requests access to records, the system allows inspection within 10 days or the period prescribed by the Presidential Decree.",Allow financial consumers to inspect requested records within 10 days or the period prescribed by Presidential Decree.,금융상품판매업자등은 제3항에 따른 열람을 요구받았을 때에는 해당 자료의 유형에 따라 요구받은 날부터 10일 이내의 범위에서 대통령령으로 정하는 기간 내에 금융소비자가 해당 자료를 열람할 수 있도록 하여야 한다.,included_in_layer4_mvp_v0_1,no,This rule directly maps to the statutory timeline of 10 days (or the period prescribed by Presidential Decree) for responding to consumer data access requests.
law_fincpa_main_2026-01-02:제28조:④:ob02:rule01,law_fincpa_main_2026-01-02:제28조:④:ob02:rule01,law_fincpa_main_2026-01-02:제28조:④:ob02,law_fincpa_main_2026-01-02:제28조:④,제28조,④,자료의 기록 및 유지ㆍ관리 등,제3절,금융상품판매업자등의 업종별 영업행위 준수사항,general,all_customer_facing,recordkeeping,required_response,workflow_metadata,direct_workflow_field,access_request|access_response|activity_record,workflow_log,Flag when a triggering request or event exists but the required response evidence is missing.,"If a consumer's data access request cannot be fulfilled within the designated period due to justifiable reasons, the system must log the notification of postponement sent to the consumer and enforce immediate access provision once the delaying reason is resolved.","If inspection cannot be provided within the period due to justifiable reasons, notify the consumer to postpone, and allow inspection without delay once the reason ceases to exist.","이 경우 해당 기간 내에 열람할 수 없는 정당한 사유 가 있을 때에는 금융소비자에게 그 사유를 알리고 열람을 연기할 수 있으며, 그 사유가 소멸 하면 지체 없이 열람하게 하여야 한다.",included_in_layer4_mvp_v0_1,no,"This rule establishes the workflow logic for delayed data access requests under Article 28, Paragraph 4. It requires tracking the postponement notification event and the subsequent fulfillment timestamp once the obstacle is cleared."
law_fincpa_main_2026-01-02:제28조:⑤:ob01:rule01,law_fincpa_main_2026-01-02:제28조:⑤:ob01:rule01,law_fincpa_main_2026-01-02:제28조:⑤:ob01,law_fincpa_main_2026-01-02:제28조:⑤,제28조,⑤,자료의 기록 및 유지ㆍ관리 등,제3절,금융상품판매업자등의 업종별 영업행위 준수사항,general,all_customer_facing,recordkeeping,required_response,workflow_metadata,direct_workflow_field,access_request|access_response,workflow_log,Flag when a triggering request or event exists but the required response evidence is missing.,"When restricting or refusing a consumer's request to inspect recorded materials under statutory or safety exceptions, the financial sales agent must notify the consumer of the specific reason for the restriction or refusal.",Notify the consumer of the reason when restricting or refusing a request to inspect recorded materials under statutory or safety exceptions.,금융상품판매업자등은 다음 각 호의 어느 하나에 해당하는 경우에는 금융소비자에게 그 사유를 알리고 열람을 제한하거나 거절할 수 있다.,included_in_layer4_mvp_v0_1,no,This rule enforces the mandatory operational duty to notify the consumer of the specific reason ('그 사유를 알리고') when restricting or refusing an inspection request.
